system_id,system,system_domain,time,event,stress_load,response_capacity,urban_function,dependency_coupling,equity_adjusted_function
SYS001,Heat-Vulnerable Residential District,housing and heat,0,background urban stress,0.17678,0.2228,0.91974,0.70108,0.95373
SYS001,Heat-Vulnerable Residential District,housing and heat,1,background urban stress,0.18129,0.22267,1.0,0.70226,1.0
SYS001,Heat-Vulnerable Residential District,housing and heat,2,background urban stress,0.18071,0.22253,1.0,0.70343,1.0
SYS001,Heat-Vulnerable Residential District,housing and heat,3,background urban stress,0.18193,0.22239,1.0,0.70462,1.0
SYS001,Heat-Vulnerable Residential District,housing and heat,4,background urban stress,0.17861,0.22225,1.0,0.70575,1.0
SYS001,Heat-Vulnerable Residential District,housing and heat,5,background urban stress,0.18061,0.22211,1.0,0.70692,1.0
SYS001,Heat-Vulnerable Residential District,housing and heat,6,background urban stress,0.18362,0.22197,1.0,0.70815,1.0
SYS001,Heat-Vulnerable Residential District,housing and heat,7,background urban stress,0.18245,0.22182,1.0,0.70936,1.0
SYS001,Heat-Vulnerable Residential District,housing and heat,8,background urban stress,0.18046,0.22168,1.0,0.71053,1.0
SYS001,Heat-Vulnerable Residential District,housing and heat,9,background urban stress,0.1815,0.22154,1.0,0.71172,1.0
SYS001,Heat-Vulnerable Residential District,housing and heat,10,background urban stress,0.18633,0.22139,1.0,0.71301,1.0
SYS001,Heat-Vulnerable Residential District,housing and heat,11,background urban stress,0.18478,0.22124,1.0,0.71427,1.0
SYS001,Heat-Vulnerable Residential District,housing and heat,12,Extreme heatwave with grid stress,0.84183,0.22109,0.92575,0.72868,0.78889
SYS001,Heat-Vulnerable Residential District,housing and heat,13,background urban stress,0.18873,0.21936,1.0,0.73004,1.0
SYS001,Heat-Vulnerable Residential District,housing and heat,14,background urban stress,0.18809,0.2192,1.0,0.73139,1.0
SYS001,Heat-Vulnerable Residential District,housing and heat,15,background urban stress,0.18768,0.21903,1.0,0.73273,1.0
SYS001,Heat-Vulnerable Residential District,housing and heat,16,background urban stress,0.18595,0.21887,1.0,0.73405,1.0
SYS001,Heat-Vulnerable Residential District,housing and heat,17,background urban stress,0.19092,0.21871,1.0,0.73546,1.0
SYS001,Heat-Vulnerable Residential District,housing and heat,18,background urban stress,0.18952,0.21855,1.0,0.73684,1.0
SYS001,Heat-Vulnerable Residential District,housing and heat,19,background urban stress,0.19163,0.21838,1.0,0.73828,1.0
SYS001,Heat-Vulnerable Residential District,housing and heat,20,background urban stress,0.19124,0.21821,1.0,0.7397,1.0
SYS001,Heat-Vulnerable Residential District,housing and heat,21,background urban stress,0.19234,0.21804,1.0,0.74115,1.0
SYS001,Heat-Vulnerable Residential District,housing and heat,22,background urban stress,0.19403,0.21786,1.0,0.74263,1.0
SYS001,Heat-Vulnerable Residential District,housing and heat,23,background urban stress,0.19402,0.21768,1.0,0.74412,1.0
SYS001,Heat-Vulnerable Residential District,housing and heat,24,background urban stress,0.19471,0.21751,1.0,0.74562,1.0
SYS001,Heat-Vulnerable Residential District,housing and heat,25,background urban stress,0.19314,0.21733,1.0,0.74709,1.0
SYS001,Heat-Vulnerable Residential District,housing and heat,26,background urban stress,0.19407,0.21715,1.0,0.74858,1.0
SYS001,Heat-Vulnerable Residential District,housing and heat,27,Extreme rainfall and urban flooding,0.82066,0.21697,0.92973,0.76261,0.8079
SYS001,Heat-Vulnerable Residential District,housing and heat,28,background urban stress,0.19817,0.21529,1.0,0.76421,1.0
SYS001,Heat-Vulnerable Residential District,housing and heat,29,background urban stress,0.19825,0.2151,1.0,0.76581,1.0
SYS001,Heat-Vulnerable Residential District,housing and heat,30,background urban stress,0.20093,0.2149,1.0,0.76746,1.0
SYS001,Heat-Vulnerable Residential District,housing and heat,31,background urban stress,0.19854,0.2147,1.0,0.76907,1.0
SYS001,Heat-Vulnerable Residential District,housing and heat,32,background urban stress,0.20234,0.21451,1.0,0.77076,1.0
SYS001,Heat-Vulnerable Residential District,housing and heat,33,background urban stress,0.20178,0.21431,1.0,0.77243,1.0
SYS001,Heat-Vulnerable Residential District,housing and heat,34,background urban stress,0.20044,0.21411,1.0,0.77409,1.0
SYS001,Heat-Vulnerable Residential District,housing and heat,35,background urban stress,0.2002,0.21391,1.0,0.77574,1.0
SYS001,Heat-Vulnerable Residential District,housing and heat,36,background urban stress,0.20368,0.21371,1.0,0.77746,1.0
SYS001,Heat-Vulnerable Residential District,housing and heat,37,background urban stress,0.20136,0.2135,1.0,0.77914,1.0
SYS001,Heat-Vulnerable Residential District,housing and heat,38,background urban stress,0.20251,0.2133,1.0,0.78084,1.0
SYS001,Heat-Vulnerable Residential District,housing and heat,39,background urban stress,0.20144,0.2131,1.0,0.78253,1.0
SYS001,Heat-Vulnerable Residential District,housing and heat,40,background urban stress,0.2019,0.2129,1.0,0.78422,1.0
SYS001,Heat-Vulnerable Residential District,housing and heat,41,background urban stress,0.20567,0.21269,1.0,0.786,1.0
SYS001,Heat-Vulnerable Residential District,housing and heat,42,Power water and communications outage,0.8442,0.21248,0.91914,0.80055,0.7884
SYS001,Heat-Vulnerable Residential District,housing and heat,43,background urban stress,0.20851,0.21073,1.0,0.8024,1.0
SYS001,Heat-Vulnerable Residential District,housing and heat,44,background urban stress,0.20515,0.21051,1.0,0.80418,1.0
SYS001,Heat-Vulnerable Residential District,housing and heat,45,background urban stress,0.20527,0.2103,1.0,0.80598,1.0
SYS001,Heat-Vulnerable Residential District,housing and heat,46,background urban stress,0.20972,0.21008,1.0,0.80786,1.0
SYS001,Heat-Vulnerable Residential District,housing and heat,47,background urban stress,0.20763,0.20986,1.0,0.8097,1.0
SYS001,Heat-Vulnerable Residential District,housing and heat,48,background urban stress,0.21191,0.20964,1.0,0.81164,1.0
SYS001,Heat-Vulnerable Residential District,housing and heat,49,background urban stress,0.21216,0.2094,1.0,0.81358,1.0
SYS001,Heat-Vulnerable Residential District,housing and heat,50,background urban stress,0.21203,0.20917,1.0,0.81552,1.0
SYS001,Heat-Vulnerable Residential District,housing and heat,51,background urban stress,0.21283,0.20894,1.0,0.81747,1.0
SYS001,Heat-Vulnerable Residential District,housing and heat,52,background urban stress,0.21187,0.2087,1.0,0.81942,1.0
SYS001,Heat-Vulnerable Residential District,housing and heat,53,background urban stress,0.21349,0.20847,1.0,0.82139,1.0
SYS001,Heat-Vulnerable Residential District,housing and heat,54,background urban stress,0.21143,0.20823,1.0,0.82333,1.0
SYS001,Heat-Vulnerable Residential District,housing and heat,55,background urban stress,0.21116,0.208,1.0,0.82527,1.0
SYS001,Heat-Vulnerable Residential District,housing and heat,56,Housing displacement and adaptation pressure,0.73793,0.20777,0.94995,0.83774,0.80419
SYS001,Heat-Vulnerable Residential District,housing and heat,57,background urban stress,0.21612,0.20627,1.0,0.83979,1.0
SYS001,Heat-Vulnerable Residential District,housing and heat,58,background urban stress,0.21668,0.20602,1.0,0.84186,1.0
SYS001,Heat-Vulnerable Residential District,housing and heat,59,background urban stress,0.21761,0.20578,1.0,0.84395,1.0
SYS001,Heat-Vulnerable Residential District,housing and heat,60,background urban stress,0.21793,0.20553,1.0,0.84605,1.0
SYS001,Heat-Vulnerable Residential District,housing and heat,61,background urban stress,0.21796,0.20527,1.0,0.84815,1.0
SYS001,Heat-Vulnerable Residential District,housing and heat,62,background urban stress,0.21942,0.20502,1.0,0.85028,1.0
SYS001,Heat-Vulnerable Residential District,housing and heat,63,background urban stress,0.21774,0.20477,1.0,0.85238,1.0
SYS001,Heat-Vulnerable Residential District,housing and heat,64,background urban stress,0.22217,0.20451,1.0,0.85458,1.0
SYS001,Heat-Vulnerable Residential District,housing and heat,65,background urban stress,0.22391,0.20425,1.0,0.85681,1.0
SYS001,Heat-Vulnerable Residential District,housing and heat,66,background urban stress,0.22112,0.20398,1.0,0.85899,1.0
SYS001,Heat-Vulnerable Residential District,housing and heat,67,background urban stress,0.22307,0.20372,1.0,0.86121,1.0
SYS001,Heat-Vulnerable Residential District,housing and heat,68,background urban stress,0.22584,0.20346,1.0,0.86349,1.0
SYS001,Heat-Vulnerable Residential District,housing and heat,69,background urban stress,0.22245,0.20318,1.0,0.8657,1.0
SYS001,Heat-Vulnerable Residential District,housing and heat,70,Compound heat flood transit and health disruption,0.94537,0.20292,0.88026,0.88238,0.74027
SYS001,Heat-Vulnerable Residential District,housing and heat,71,background urban stress,0.22762,0.20091,0.98885,0.88472,1.0
SYS001,Heat-Vulnerable Residential District,housing and heat,72,background urban stress,0.23043,0.20063,1.0,0.88712,1.0
SYS001,Heat-Vulnerable Residential District,housing and heat,73,background urban stress,0.22543,0.20035,1.0,0.88942,1.0
SYS001,Heat-Vulnerable Residential District,housing and heat,74,background urban stress,0.22631,0.20007,1.0,0.89175,1.0
SYS001,Heat-Vulnerable Residential District,housing and heat,75,background urban stress,0.23089,0.19979,1.0,0.89417,1.0
SYS001,Heat-Vulnerable Residential District,housing and heat,76,background urban stress,0.23328,0.1995,1.0,0.89664,1.0
SYS001,Heat-Vulnerable Residential District,housing and heat,77,background urban stress,0.23094,0.1992,1.0,0.89907,1.0
SYS001,Heat-Vulnerable Residential District,housing and heat,78,background urban stress,0.23225,0.19891,1.0,0.90153,1.0
SYS001,Heat-Vulnerable Residential District,housing and heat,79,background urban stress,0.23247,0.19862,1.0,0.90399,1.0
SYS002,Downtown Critical Service Corridor,service infrastructure,0,background urban stress,0.19207,0.2876,1.0,0.84068,1.0
SYS002,Downtown Critical Service Corridor,service infrastructure,1,background urban stress,0.19696,0.28752,1.0,0.84145,1.0
SYS002,Downtown Critical Service Corridor,service infrastructure,2,background urban stress,0.19409,0.28743,1.0,0.84217,1.0
SYS002,Downtown Critical Service Corridor,service infrastructure,3,background urban stress,0.19182,0.28734,1.0,0.84285,1.0
SYS002,Downtown Critical Service Corridor,service infrastructure,4,background urban stress,0.19428,0.28726,1.0,0.84358,1.0
SYS002,Downtown Critical Service Corridor,service infrastructure,5,background urban stress,0.19535,0.28717,1.0,0.84432,1.0
SYS002,Downtown Critical Service Corridor,service infrastructure,6,background urban stress,0.19249,0.28708,1.0,0.84502,1.0
SYS002,Downtown Critical Service Corridor,service infrastructure,7,background urban stress,0.19504,0.287,1.0,0.84576,1.0
SYS002,Downtown Critical Service Corridor,service infrastructure,8,background urban stress,0.19591,0.28691,1.0,0.84652,1.0
SYS002,Downtown Critical Service Corridor,service infrastructure,9,background urban stress,0.19677,0.28682,1.0,0.8473,1.0
SYS002,Downtown Critical Service Corridor,service infrastructure,10,background urban stress,0.19621,0.28672,1.0,0.84807,1.0
SYS002,Downtown Critical Service Corridor,service infrastructure,11,background urban stress,0.19717,0.28663,1.0,0.84886,1.0
SYS002,Downtown Critical Service Corridor,service infrastructure,12,Extreme heatwave with grid stress,0.85529,0.28654,0.94315,0.86282,0.78682
SYS002,Downtown Critical Service Corridor,service infrastructure,13,background urban stress,0.19966,0.28486,1.0,0.86368,1.0
SYS002,Downtown Critical Service Corridor,service infrastructure,14,background urban stress,0.20248,0.28476,1.0,0.86459,1.0
SYS002,Downtown Critical Service Corridor,service infrastructure,15,background urban stress,0.20309,0.28465,1.0,0.86552,1.0
SYS002,Downtown Critical Service Corridor,service infrastructure,16,background urban stress,0.20119,0.28454,1.0,0.86642,1.0
SYS002,Downtown Critical Service Corridor,service infrastructure,17,background urban stress,0.20266,0.28443,1.0,0.86734,1.0
SYS002,Downtown Critical Service Corridor,service infrastructure,18,background urban stress,0.20049,0.28432,1.0,0.86823,1.0
SYS002,Downtown Critical Service Corridor,service infrastructure,19,background urban stress,0.20325,0.28421,1.0,0.86916,1.0
SYS002,Downtown Critical Service Corridor,service infrastructure,20,background urban stress,0.20242,0.2841,1.0,0.87009,1.0
SYS002,Downtown Critical Service Corridor,service infrastructure,21,background urban stress,0.2024,0.28399,1.0,0.87101,1.0
SYS002,Downtown Critical Service Corridor,service infrastructure,22,background urban stress,0.20184,0.28388,1.0,0.87193,1.0
SYS002,Downtown Critical Service Corridor,service infrastructure,23,background urban stress,0.2026,0.28377,1.0,0.87286,1.0
SYS002,Downtown Critical Service Corridor,service infrastructure,24,background urban stress,0.20507,0.28366,1.0,0.87384,1.0
SYS002,Downtown Critical Service Corridor,service infrastructure,25,background urban stress,0.20738,0.28354,1.0,0.87487,1.0
SYS002,Downtown Critical Service Corridor,service infrastructure,26,background urban stress,0.20791,0.28342,1.0,0.87591,1.0
SYS002,Downtown Critical Service Corridor,service infrastructure,27,Extreme rainfall and urban flooding,0.83339,0.28329,0.94795,0.88946,0.80675
SYS002,Downtown Critical Service Corridor,service infrastructure,28,background urban stress,0.21082,0.28167,1.0,0.89058,1.0
SYS002,Downtown Critical Service Corridor,service infrastructure,29,background urban stress,0.2104,0.28153,1.0,0.89169,1.0
SYS002,Downtown Critical Service Corridor,service infrastructure,30,background urban stress,0.2122,0.2814,1.0,0.89284,1.0
SYS002,Downtown Critical Service Corridor,service infrastructure,31,background urban stress,0.20727,0.28126,1.0,0.89389,1.0
SYS002,Downtown Critical Service Corridor,service infrastructure,32,background urban stress,0.20882,0.28113,1.0,0.89497,1.0
SYS002,Downtown Critical Service Corridor,service infrastructure,33,background urban stress,0.21573,0.281,1.0,0.89619,1.0
SYS002,Downtown Critical Service Corridor,service infrastructure,34,background urban stress,0.21317,0.28086,1.0,0.89737,1.0
SYS002,Downtown Critical Service Corridor,service infrastructure,35,background urban stress,0.21527,0.28072,1.0,0.89859,1.0
SYS002,Downtown Critical Service Corridor,service infrastructure,36,background urban stress,0.2164,0.28057,1.0,0.89983,1.0
SYS002,Downtown Critical Service Corridor,service infrastructure,37,background urban stress,0.21152,0.28042,1.0,0.90097,1.0
SYS002,Downtown Critical Service Corridor,service infrastructure,38,background urban stress,0.21722,0.28028,1.0,0.90223,1.0
SYS002,Downtown Critical Service Corridor,service infrastructure,39,background urban stress,0.21728,0.28013,1.0,0.9035,1.0
SYS002,Downtown Critical Service Corridor,service infrastructure,40,background urban stress,0.21677,0.27998,1.0,0.90475,1.0
SYS002,Downtown Critical Service Corridor,service infrastructure,41,background urban stress,0.22019,0.27983,1.0,0.90608,1.0
SYS002,Downtown Critical Service Corridor,service infrastructure,42,Power water and communications outage,0.85621,0.27967,0.93819,0.92013,0.78793
SYS002,Downtown Critical Service Corridor,service infrastructure,43,background urban stress,0.21671,0.27798,1.0,0.9214,1.0
SYS002,Downtown Critical Service Corridor,service infrastructure,44,background urban stress,0.22043,0.27783,1.0,0.92276,1.0
SYS002,Downtown Critical Service Corridor,service infrastructure,45,background urban stress,0.21785,0.27767,1.0,0.92406,1.0
SYS002,Downtown Critical Service Corridor,service infrastructure,46,background urban stress,0.22065,0.27751,1.0,0.92542,1.0
SYS002,Downtown Critical Service Corridor,service infrastructure,47,background urban stress,0.22066,0.27735,1.0,0.92678,1.0
SYS002,Downtown Critical Service Corridor,service infrastructure,48,background urban stress,0.21952,0.27719,1.0,0.92812,1.0
SYS002,Downtown Critical Service Corridor,service infrastructure,49,background urban stress,0.22203,0.27703,1.0,0.92952,1.0
SYS002,Downtown Critical Service Corridor,service infrastructure,50,background urban stress,0.22429,0.27686,1.0,0.93096,1.0
SYS002,Downtown Critical Service Corridor,service infrastructure,51,background urban stress,0.22197,0.27669,1.0,0.93235,1.0
SYS002,Downtown Critical Service Corridor,service infrastructure,52,background urban stress,0.22431,0.27652,1.0,0.9338,1.0
SYS002,Downtown Critical Service Corridor,service infrastructure,53,background urban stress,0.22648,0.27634,1.0,0.93529,1.0
SYS002,Downtown Critical Service Corridor,service infrastructure,54,background urban stress,0.22521,0.27617,1.0,0.93675,1.0
SYS002,Downtown Critical Service Corridor,service infrastructure,55,background urban stress,0.22638,0.27599,1.0,0.93825,1.0
SYS002,Downtown Critical Service Corridor,service infrastructure,56,Housing displacement and adaptation pressure,0.74922,0.27581,0.9698,0.9502,0.80361
SYS002,Downtown Critical Service Corridor,service infrastructure,57,background urban stress,0.22736,0.27438,1.0,0.95173,1.0
SYS002,Downtown Critical Service Corridor,service infrastructure,58,background urban stress,0.2289,0.27419,1.0,0.95329,1.0
SYS002,Downtown Critical Service Corridor,service infrastructure,59,background urban stress,0.22976,0.27401,1.0,0.95487,1.0
SYS002,Downtown Critical Service Corridor,service infrastructure,60,background urban stress,0.22924,0.27382,1.0,0.95644,1.0
SYS002,Downtown Critical Service Corridor,service infrastructure,61,background urban stress,0.2319,0.27363,1.0,0.95807,1.0
SYS002,Downtown Critical Service Corridor,service infrastructure,62,background urban stress,0.22768,0.27343,1.0,0.95962,1.0
SYS002,Downtown Critical Service Corridor,service infrastructure,63,background urban stress,0.22807,0.27325,1.0,0.96117,1.0
SYS002,Downtown Critical Service Corridor,service infrastructure,64,background urban stress,0.22958,0.27306,1.0,0.96276,1.0
SYS002,Downtown Critical Service Corridor,service infrastructure,65,background urban stress,0.23177,0.27287,1.0,0.96439,1.0
SYS002,Downtown Critical Service Corridor,service infrastructure,66,background urban stress,0.23462,0.27267,1.0,0.96609,1.0
SYS002,Downtown Critical Service Corridor,service infrastructure,67,background urban stress,0.23426,0.27247,1.0,0.96777,1.0
SYS002,Downtown Critical Service Corridor,service infrastructure,68,background urban stress,0.23536,0.27227,1.0,0.96949,1.0
SYS002,Downtown Critical Service Corridor,service infrastructure,69,background urban stress,0.23327,0.27206,1.0,0.97116,1.0
SYS002,Downtown Critical Service Corridor,service infrastructure,70,Compound heat flood transit and health disruption,0.95592,0.27186,0.90097,0.98729,0.74154
SYS002,Downtown Critical Service Corridor,service infrastructure,71,background urban stress,0.23729,0.26993,1.0,0.98906,1.0
SYS002,Downtown Critical Service Corridor,service infrastructure,72,background urban stress,0.2385,0.26971,1.0,0.99087,1.0
SYS002,Downtown Critical Service Corridor,service infrastructure,73,background urban stress,0.23833,0.2695,1.0,0.99267,1.0
SYS002,Downtown Critical Service Corridor,service infrastructure,74,background urban stress,0.23684,0.26928,1.0,0.99444,1.0
SYS002,Downtown Critical Service Corridor,service infrastructure,75,background urban stress,0.23944,0.26907,1.0,0.99627,1.0
SYS002,Downtown Critical Service Corridor,service infrastructure,76,background urban stress,0.24162,0.26885,1.0,0.99815,1.0
SYS002,Downtown Critical Service Corridor,service infrastructure,77,background urban stress,0.24129,0.26862,1.0,1.0,1.0
SYS002,Downtown Critical Service Corridor,service infrastructure,78,background urban stress,0.24443,0.2684,1.0,1.0,1.0
SYS002,Downtown Critical Service Corridor,service infrastructure,79,background urban stress,0.24352,0.2684,1.0,1.0,1.0
SYS003,Transit-Dependent Neighborhood Network,mobility and access,0,background urban stress,0.18334,0.3152,0.97747,0.7602,1.0
SYS003,Transit-Dependent Neighborhood Network,mobility and access,1,background urban stress,0.18422,0.31518,1.0,0.76042,1.0
SYS003,Transit-Dependent Neighborhood Network,mobility and access,2,background urban stress,0.18574,0.31515,1.0,0.76066,1.0
SYS003,Transit-Dependent Neighborhood Network,mobility and access,3,background urban stress,0.18685,0.31512,1.0,0.76094,1.0
SYS003,Transit-Dependent Neighborhood Network,mobility and access,4,background urban stress,0.18431,0.31509,1.0,0.76116,1.0
SYS003,Transit-Dependent Neighborhood Network,mobility and access,5,background urban stress,0.18761,0.31506,1.0,0.76144,1.0
SYS003,Transit-Dependent Neighborhood Network,mobility and access,6,background urban stress,0.19009,0.31503,1.0,0.76178,1.0
SYS003,Transit-Dependent Neighborhood Network,mobility and access,7,background urban stress,0.18631,0.31499,1.0,0.76204,1.0
SYS003,Transit-Dependent Neighborhood Network,mobility and access,8,background urban stress,0.1875,0.31496,1.0,0.76233,1.0
SYS003,Transit-Dependent Neighborhood Network,mobility and access,9,background urban stress,0.19008,0.31492,1.0,0.76266,1.0
SYS003,Transit-Dependent Neighborhood Network,mobility and access,10,background urban stress,0.18893,0.31488,1.0,0.76298,1.0
SYS003,Transit-Dependent Neighborhood Network,mobility and access,11,background urban stress,0.18839,0.31484,1.0,0.76328,1.0
SYS003,Transit-Dependent Neighborhood Network,mobility and access,12,Extreme heatwave with grid stress,0.84673,0.31481,0.96492,0.77675,0.81794
SYS003,Transit-Dependent Neighborhood Network,mobility and access,13,background urban stress,0.19054,0.31319,1.0,0.77712,1.0
SYS003,Transit-Dependent Neighborhood Network,mobility and access,14,background urban stress,0.19359,0.31315,1.0,0.77755,1.0
SYS003,Transit-Dependent Neighborhood Network,mobility and access,15,background urban stress,0.19017,0.31309,1.0,0.77791,1.0
SYS003,Transit-Dependent Neighborhood Network,mobility and access,16,background urban stress,0.19309,0.31305,1.0,0.77832,1.0
SYS003,Transit-Dependent Neighborhood Network,mobility and access,17,background urban stress,0.19465,0.313,1.0,0.77877,1.0
SYS003,Transit-Dependent Neighborhood Network,mobility and access,18,background urban stress,0.19354,0.31295,1.0,0.7792,1.0
SYS003,Transit-Dependent Neighborhood Network,mobility and access,19,background urban stress,0.1956,0.3129,1.0,0.77967,1.0
SYS003,Transit-Dependent Neighborhood Network,mobility and access,20,background urban stress,0.19401,0.31284,1.0,0.78011,1.0
SYS003,Transit-Dependent Neighborhood Network,mobility and access,21,background urban stress,0.19606,0.31279,1.0,0.78059,1.0
SYS003,Transit-Dependent Neighborhood Network,mobility and access,22,background urban stress,0.1962,0.31273,1.0,0.78108,1.0
SYS003,Transit-Dependent Neighborhood Network,mobility and access,23,background urban stress,0.19875,0.31267,1.0,0.78161,1.0
SYS003,Transit-Dependent Neighborhood Network,mobility and access,24,background urban stress,0.19916,0.31261,1.0,0.78216,1.0
SYS003,Transit-Dependent Neighborhood Network,mobility and access,25,background urban stress,0.19891,0.31254,1.0,0.7827,1.0
SYS003,Transit-Dependent Neighborhood Network,mobility and access,26,background urban stress,0.19818,0.31248,1.0,0.78322,1.0
SYS003,Transit-Dependent Neighborhood Network,mobility and access,27,Extreme rainfall and urban flooding,0.82412,0.31241,0.97052,0.79627,0.839
SYS003,Transit-Dependent Neighborhood Network,mobility and access,28,background urban stress,0.20269,0.31085,1.0,0.7969,1.0
SYS003,Transit-Dependent Neighborhood Network,mobility and access,29,background urban stress,0.201,0.31077,1.0,0.79751,1.0
SYS003,Transit-Dependent Neighborhood Network,mobility and access,30,background urban stress,0.20311,0.3107,1.0,0.79815,1.0
SYS003,Transit-Dependent Neighborhood Network,mobility and access,31,background urban stress,0.20242,0.31062,1.0,0.79878,1.0
SYS003,Transit-Dependent Neighborhood Network,mobility and access,32,background urban stress,0.20464,0.31055,1.0,0.79946,1.0
SYS003,Transit-Dependent Neighborhood Network,mobility and access,33,background urban stress,0.20365,0.31046,1.0,0.80012,1.0
SYS003,Transit-Dependent Neighborhood Network,mobility and access,34,background urban stress,0.20427,0.31039,1.0,0.80079,1.0
SYS003,Transit-Dependent Neighborhood Network,mobility and access,35,background urban stress,0.20273,0.31031,1.0,0.80143,1.0
SYS003,Transit-Dependent Neighborhood Network,mobility and access,36,background urban stress,0.20566,0.31023,1.0,0.80213,1.0
SYS003,Transit-Dependent Neighborhood Network,mobility and access,37,background urban stress,0.20404,0.31014,1.0,0.8028,1.0
SYS003,Transit-Dependent Neighborhood Network,mobility and access,38,background urban stress,0.20635,0.31006,1.0,0.80352,1.0
SYS003,Transit-Dependent Neighborhood Network,mobility and access,39,background urban stress,0.20592,0.30998,1.0,0.80422,1.0
SYS003,Transit-Dependent Neighborhood Network,mobility and access,40,background urban stress,0.20444,0.30989,1.0,0.8049,1.0
SYS003,Transit-Dependent Neighborhood Network,mobility and access,41,background urban stress,0.20476,0.30981,1.0,0.80559,1.0
SYS003,Transit-Dependent Neighborhood Network,mobility and access,42,Power water and communications outage,0.84616,0.30973,0.96164,0.81911,0.82055
SYS003,Transit-Dependent Neighborhood Network,mobility and access,43,background urban stress,0.20611,0.30811,1.0,0.81984,1.0
SYS003,Transit-Dependent Neighborhood Network,mobility and access,44,background urban stress,0.20764,0.30802,1.0,0.8206,1.0
SYS003,Transit-Dependent Neighborhood Network,mobility and access,45,background urban stress,0.20679,0.30793,1.0,0.82135,1.0
SYS003,Transit-Dependent Neighborhood Network,mobility and access,46,background urban stress,0.20935,0.30784,1.0,0.82215,1.0
SYS003,Transit-Dependent Neighborhood Network,mobility and access,47,background urban stress,0.21174,0.30774,1.0,0.823,1.0
SYS003,Transit-Dependent Neighborhood Network,mobility and access,48,background urban stress,0.20906,0.30764,1.0,0.8238,1.0
SYS003,Transit-Dependent Neighborhood Network,mobility and access,49,background urban stress,0.21172,0.30754,1.0,0.82465,1.0
SYS003,Transit-Dependent Neighborhood Network,mobility and access,50,background urban stress,0.2108,0.30744,1.0,0.82549,1.0
SYS003,Transit-Dependent Neighborhood Network,mobility and access,51,background urban stress,0.21558,0.30734,1.0,0.82642,1.0
SYS003,Transit-Dependent Neighborhood Network,mobility and access,52,background urban stress,0.21442,0.30723,1.0,0.82733,1.0
SYS003,Transit-Dependent Neighborhood Network,mobility and access,53,background urban stress,0.21374,0.30712,1.0,0.82822,1.0
SYS003,Transit-Dependent Neighborhood Network,mobility and access,54,background urban stress,0.21131,0.30701,1.0,0.82907,1.0
SYS003,Transit-Dependent Neighborhood Network,mobility and access,55,background urban stress,0.21606,0.30691,1.0,0.83002,1.0
SYS003,Transit-Dependent Neighborhood Network,mobility and access,56,Housing displacement and adaptation pressure,0.7384,0.3068,0.99413,0.84141,0.83714
SYS003,Transit-Dependent Neighborhood Network,mobility and access,57,background urban stress,0.22034,0.30543,1.0,0.84246,1.0
SYS003,Transit-Dependent Neighborhood Network,mobility and access,58,background urban stress,0.21959,0.30531,1.0,0.84349,1.0
SYS003,Transit-Dependent Neighborhood Network,mobility and access,59,background urban stress,0.2149,0.30518,1.0,0.84443,1.0
SYS003,Transit-Dependent Neighborhood Network,mobility and access,60,background urban stress,0.21774,0.30507,1.0,0.84543,1.0
SYS003,Transit-Dependent Neighborhood Network,mobility and access,61,background urban stress,0.22161,0.30495,1.0,0.84651,1.0
SYS003,Transit-Dependent Neighborhood Network,mobility and access,62,background urban stress,0.22229,0.30482,1.0,0.8476,1.0
SYS003,Transit-Dependent Neighborhood Network,mobility and access,63,background urban stress,0.22084,0.30469,1.0,0.84867,1.0
SYS003,Transit-Dependent Neighborhood Network,mobility and access,64,background urban stress,0.22168,0.30456,1.0,0.84975,1.0
SYS003,Transit-Dependent Neighborhood Network,mobility and access,65,background urban stress,0.22347,0.30443,1.0,0.85087,1.0
SYS003,Transit-Dependent Neighborhood Network,mobility and access,66,background urban stress,0.22218,0.3043,1.0,0.85197,1.0
SYS003,Transit-Dependent Neighborhood Network,mobility and access,67,background urban stress,0.22234,0.30416,1.0,0.85307,1.0
SYS003,Transit-Dependent Neighborhood Network,mobility and access,68,background urban stress,0.22095,0.30403,1.0,0.85414,1.0
SYS003,Transit-Dependent Neighborhood Network,mobility and access,69,background urban stress,0.22389,0.3039,1.0,0.85528,1.0
SYS003,Transit-Dependent Neighborhood Network,mobility and access,70,Compound heat flood transit and health disruption,0.94433,0.30377,0.92618,0.87082,0.77473
SYS003,Transit-Dependent Neighborhood Network,mobility and access,71,background urban stress,0.2294,0.3019,1.0,0.87209,1.0
SYS003,Transit-Dependent Neighborhood Network,mobility and access,72,background urban stress,0.22447,0.30175,1.0,0.87326,1.0
SYS003,Transit-Dependent Neighborhood Network,mobility and access,73,background urban stress,0.22897,0.30161,1.0,0.87452,1.0
SYS003,Transit-Dependent Neighborhood Network,mobility and access,74,background urban stress,0.22512,0.30146,1.0,0.87571,1.0
SYS003,Transit-Dependent Neighborhood Network,mobility and access,75,background urban stress,0.22597,0.30132,1.0,0.87691,1.0
SYS003,Transit-Dependent Neighborhood Network,mobility and access,76,background urban stress,0.22779,0.30117,1.0,0.87816,1.0
SYS003,Transit-Dependent Neighborhood Network,mobility and access,77,background urban stress,0.23131,0.30102,1.0,0.87947,1.0
SYS003,Transit-Dependent Neighborhood Network,mobility and access,78,background urban stress,0.23059,0.30086,1.0,0.88077,1.0
SYS003,Transit-Dependent Neighborhood Network,mobility and access,79,background urban stress,0.23251,0.30071,1.0,0.88212,1.0
SYS004,Urban Watershed and Floodplain District,green-blue infrastructure,0,background urban stress,0.17895,0.3532,1.0,0.67969,1.0
SYS004,Urban Watershed and Floodplain District,green-blue infrastructure,1,background urban stress,0.17899,0.35324,1.0,0.67939,1.0
SYS004,Urban Watershed and Floodplain District,green-blue infrastructure,2,background urban stress,0.17463,0.35327,1.0,0.67899,1.0
SYS004,Urban Watershed and Floodplain District,green-blue infrastructure,3,background urban stress,0.1771,0.35332,1.0,0.67865,1.0
SYS004,Urban Watershed and Floodplain District,green-blue infrastructure,4,background urban stress,0.179,0.35336,1.0,0.67834,1.0
SYS004,Urban Watershed and Floodplain District,green-blue infrastructure,5,background urban stress,0.17922,0.3534,1.0,0.67804,1.0
SYS004,Urban Watershed and Floodplain District,green-blue infrastructure,6,background urban stress,0.17602,0.35344,1.0,0.67767,1.0
SYS004,Urban Watershed and Floodplain District,green-blue infrastructure,7,background urban stress,0.17947,0.35348,1.0,0.67737,1.0
SYS004,Urban Watershed and Floodplain District,green-blue infrastructure,8,background urban stress,0.17713,0.35352,1.0,0.67703,1.0
SYS004,Urban Watershed and Floodplain District,green-blue infrastructure,9,background urban stress,0.17845,0.35356,1.0,0.67671,1.0
SYS004,Urban Watershed and Floodplain District,green-blue infrastructure,10,background urban stress,0.17873,0.3536,1.0,0.67639,1.0
SYS004,Urban Watershed and Floodplain District,green-blue infrastructure,11,background urban stress,0.18294,0.35363,1.0,0.67616,1.0
SYS004,Urban Watershed and Floodplain District,green-blue infrastructure,12,Extreme heatwave with grid stress,0.83802,0.35366,0.99592,0.68903,0.8353
SYS004,Urban Watershed and Floodplain District,green-blue infrastructure,13,background urban stress,0.18368,0.35212,1.0,0.68883,1.0
SYS004,Urban Watershed and Floodplain District,green-blue infrastructure,14,background urban stress,0.18501,0.35214,1.0,0.68866,1.0
SYS004,Urban Watershed and Floodplain District,green-blue infrastructure,15,background urban stress,0.18224,0.35216,1.0,0.68843,1.0
SYS004,Urban Watershed and Floodplain District,green-blue infrastructure,16,background urban stress,0.18626,0.35219,1.0,0.68828,1.0
SYS004,Urban Watershed and Floodplain District,green-blue infrastructure,17,background urban stress,0.18526,0.35221,1.0,0.68811,1.0
SYS004,Urban Watershed and Floodplain District,green-blue infrastructure,18,background urban stress,0.18317,0.35223,1.0,0.6879,1.0
SYS004,Urban Watershed and Floodplain District,green-blue infrastructure,19,background urban stress,0.1858,0.35225,1.0,0.68774,1.0
SYS004,Urban Watershed and Floodplain District,green-blue infrastructure,20,background urban stress,0.18925,0.35227,1.0,0.68765,1.0
SYS004,Urban Watershed and Floodplain District,green-blue infrastructure,21,background urban stress,0.18724,0.35228,1.0,0.68752,1.0
SYS004,Urban Watershed and Floodplain District,green-blue infrastructure,22,background urban stress,0.18572,0.3523,1.0,0.68736,1.0
SYS004,Urban Watershed and Floodplain District,green-blue infrastructure,23,background urban stress,0.18517,0.35232,1.0,0.68719,1.0
SYS004,Urban Watershed and Floodplain District,green-blue infrastructure,24,background urban stress,0.18502,0.35234,1.0,0.68701,1.0
SYS004,Urban Watershed and Floodplain District,green-blue infrastructure,25,background urban stress,0.18875,0.35236,1.0,0.68691,1.0
SYS004,Urban Watershed and Floodplain District,green-blue infrastructure,26,background urban stress,0.19068,0.35237,1.0,0.68685,1.0
SYS004,Urban Watershed and Floodplain District,green-blue infrastructure,27,Extreme rainfall and urban flooding,0.81448,0.35238,1.0,0.69926,0.85552
SYS004,Urban Watershed and Floodplain District,green-blue infrastructure,28,background urban stress,0.18843,0.35089,1.0,0.69917,1.0
SYS004,Urban Watershed and Floodplain District,green-blue infrastructure,29,background urban stress,0.19508,0.3509,1.0,0.69921,1.0
SYS004,Urban Watershed and Floodplain District,green-blue infrastructure,30,background urban stress,0.19261,0.35089,1.0,0.69921,1.0
SYS004,Urban Watershed and Floodplain District,green-blue infrastructure,31,background urban stress,0.19213,0.3509,1.0,0.69919,1.0
SYS004,Urban Watershed and Floodplain District,green-blue infrastructure,32,background urban stress,0.1928,0.3509,1.0,0.69918,1.0
SYS004,Urban Watershed and Floodplain District,green-blue infrastructure,33,background urban stress,0.1932,0.3509,1.0,0.69919,1.0
SYS004,Urban Watershed and Floodplain District,green-blue infrastructure,34,background urban stress,0.19364,0.3509,1.0,0.6992,1.0
SYS004,Urban Watershed and Floodplain District,green-blue infrastructure,35,background urban stress,0.19113,0.3509,1.0,0.69916,1.0
SYS004,Urban Watershed and Floodplain District,green-blue infrastructure,36,background urban stress,0.19214,0.3509,1.0,0.69915,1.0
SYS004,Urban Watershed and Floodplain District,green-blue infrastructure,37,background urban stress,0.19635,0.3509,1.0,0.69921,1.0
SYS004,Urban Watershed and Floodplain District,green-blue infrastructure,38,background urban stress,0.19551,0.35089,1.0,0.69927,1.0
SYS004,Urban Watershed and Floodplain District,green-blue infrastructure,39,background urban stress,0.19346,0.35089,1.0,0.69927,1.0
SYS004,Urban Watershed and Floodplain District,green-blue infrastructure,40,background urban stress,0.19652,0.35089,1.0,0.69935,1.0
SYS004,Urban Watershed and Floodplain District,green-blue infrastructure,41,background urban stress,0.19538,0.35088,1.0,0.69939,1.0
SYS004,Urban Watershed and Floodplain District,green-blue infrastructure,42,Power water and communications outage,0.83554,0.35087,0.99482,0.71224,0.83995
SYS004,Urban Watershed and Floodplain District,green-blue infrastructure,43,background urban stress,0.19754,0.34933,1.0,0.71235,1.0
SYS004,Urban Watershed and Floodplain District,green-blue infrastructure,44,background urban stress,0.19893,0.34932,1.0,0.71249,1.0
SYS004,Urban Watershed and Floodplain District,green-blue infrastructure,45,background urban stress,0.20119,0.3493,1.0,0.71267,1.0
SYS004,Urban Watershed and Floodplain District,green-blue infrastructure,46,background urban stress,0.20133,0.34928,1.0,0.71285,1.0
SYS004,Urban Watershed and Floodplain District,green-blue infrastructure,47,background urban stress,0.20043,0.34926,1.0,0.71302,1.0
SYS004,Urban Watershed and Floodplain District,green-blue infrastructure,48,background urban stress,0.19835,0.34924,1.0,0.71315,1.0
SYS004,Urban Watershed and Floodplain District,green-blue infrastructure,49,background urban stress,0.20083,0.34922,1.0,0.71332,1.0
SYS004,Urban Watershed and Floodplain District,green-blue infrastructure,50,background urban stress,0.20312,0.3492,1.0,0.71354,1.0
SYS004,Urban Watershed and Floodplain District,green-blue infrastructure,51,background urban stress,0.20457,0.34917,1.0,0.71379,1.0
SYS004,Urban Watershed and Floodplain District,green-blue infrastructure,52,background urban stress,0.20084,0.34914,1.0,0.71397,1.0
SYS004,Urban Watershed and Floodplain District,green-blue infrastructure,53,background urban stress,0.2018,0.34912,1.0,0.71417,1.0
SYS004,Urban Watershed and Floodplain District,green-blue infrastructure,54,background urban stress,0.202,0.3491,1.0,0.71437,1.0
SYS004,Urban Watershed and Floodplain District,green-blue infrastructure,55,background urban stress,0.203,0.34908,1.0,0.71459,1.0
SYS004,Urban Watershed and Floodplain District,green-blue infrastructure,56,Housing displacement and adaptation pressure,0.72686,0.34905,1.0,0.72528,0.83312
SYS004,Urban Watershed and Floodplain District,green-blue infrastructure,57,background urban stress,0.20438,0.34777,1.0,0.72555,1.0
SYS004,Urban Watershed and Floodplain District,green-blue infrastructure,58,background urban stress,0.20702,0.34773,1.0,0.72586,1.0
SYS004,Urban Watershed and Floodplain District,green-blue infrastructure,59,background urban stress,0.20831,0.3477,1.0,0.7262,1.0
SYS004,Urban Watershed and Floodplain District,green-blue infrastructure,60,background urban stress,0.20507,0.34766,1.0,0.72648,1.0
SYS004,Urban Watershed and Floodplain District,green-blue infrastructure,61,background urban stress,0.20704,0.34762,1.0,0.7268,1.0
SYS004,Urban Watershed and Floodplain District,green-blue infrastructure,62,background urban stress,0.20762,0.34758,1.0,0.72713,1.0
SYS004,Urban Watershed and Floodplain District,green-blue infrastructure,63,background urban stress,0.20939,0.34754,1.0,0.72749,1.0
SYS004,Urban Watershed and Floodplain District,green-blue infrastructure,64,background urban stress,0.20776,0.3475,1.0,0.72782,1.0
SYS004,Urban Watershed and Floodplain District,green-blue infrastructure,65,background urban stress,0.2117,0.34746,1.0,0.72823,1.0
SYS004,Urban Watershed and Floodplain District,green-blue infrastructure,66,background urban stress,0.21107,0.34741,1.0,0.72863,1.0
SYS004,Urban Watershed and Floodplain District,green-blue infrastructure,67,background urban stress,0.21054,0.34736,1.0,0.72902,1.0
SYS004,Urban Watershed and Floodplain District,green-blue infrastructure,68,background urban stress,0.20881,0.34732,1.0,0.72938,1.0
SYS004,Urban Watershed and Floodplain District,green-blue infrastructure,69,background urban stress,0.20925,0.34727,1.0,0.72974,1.0
SYS004,Urban Watershed and Floodplain District,green-blue infrastructure,70,Compound heat flood transit and health disruption,0.93177,0.34723,0.96155,0.74456,0.7957
SYS004,Urban Watershed and Floodplain District,green-blue infrastructure,71,background urban stress,0.21374,0.34545,1.0,0.74504,1.0
SYS004,Urban Watershed and Floodplain District,green-blue infrastructure,72,background urban stress,0.21479,0.3454,1.0,0.74553,1.0
SYS004,Urban Watershed and Floodplain District,green-blue infrastructure,73,background urban stress,0.21353,0.34534,1.0,0.746,1.0
SYS004,Urban Watershed and Floodplain District,green-blue infrastructure,74,background urban stress,0.21633,0.34528,1.0,0.74653,1.0
SYS004,Urban Watershed and Floodplain District,green-blue infrastructure,75,background urban stress,0.21177,0.34522,1.0,0.74697,1.0
SYS004,Urban Watershed and Floodplain District,green-blue infrastructure,76,background urban stress,0.21797,0.34516,1.0,0.74753,1.0
SYS004,Urban Watershed and Floodplain District,green-blue infrastructure,77,background urban stress,0.21894,0.3451,1.0,0.74812,1.0
SYS004,Urban Watershed and Floodplain District,green-blue infrastructure,78,background urban stress,0.21895,0.34503,1.0,0.7487,1.0
SYS004,Urban Watershed and Floodplain District,green-blue infrastructure,79,background urban stress,0.21505,0.34496,1.0,0.74921,1.0
SYS005,Community Resilience Hub Network,social infrastructure,0,background urban stress,0.17426,0.4172,1.0,0.6189,1.0
SYS005,Community Resilience Hub Network,social infrastructure,1,background urban stress,0.17125,0.41733,1.0,0.61773,1.0
SYS005,Community Resilience Hub Network,social infrastructure,2,background urban stress,0.1712,0.41747,1.0,0.61656,1.0
SYS005,Community Resilience Hub Network,social infrastructure,3,background urban stress,0.17152,0.41761,1.0,0.6154,1.0
SYS005,Community Resilience Hub Network,social infrastructure,4,background urban stress,0.17162,0.41775,1.0,0.61424,1.0
SYS005,Community Resilience Hub Network,social infrastructure,5,background urban stress,0.17087,0.41789,1.0,0.61306,1.0
SYS005,Community Resilience Hub Network,social infrastructure,6,background urban stress,0.1722,0.41803,1.0,0.6119,1.0
SYS005,Community Resilience Hub Network,social infrastructure,7,background urban stress,0.17495,0.41817,1.0,0.6108,1.0
SYS005,Community Resilience Hub Network,social infrastructure,8,background urban stress,0.17203,0.4183,1.0,0.60964,1.0
SYS005,Community Resilience Hub Network,social infrastructure,9,background urban stress,0.17453,0.41844,1.0,0.60853,1.0
SYS005,Community Resilience Hub Network,social infrastructure,10,background urban stress,0.17324,0.41858,1.0,0.60739,1.0
SYS005,Community Resilience Hub Network,social infrastructure,11,background urban stress,0.17347,0.41871,1.0,0.60625,1.0
SYS005,Community Resilience Hub Network,social infrastructure,12,Extreme heatwave with grid stress,0.83103,0.41885,1.0,0.61827,0.84544
SYS005,Community Resilience Hub Network,social infrastructure,13,background urban stress,0.17468,0.41741,1.0,0.61717,1.0
SYS005,Community Resilience Hub Network,social infrastructure,14,background urban stress,0.1747,0.41754,1.0,0.61607,1.0
SYS005,Community Resilience Hub Network,social infrastructure,15,background urban stress,0.17931,0.41767,1.0,0.61506,1.0
SYS005,Community Resilience Hub Network,social infrastructure,16,background urban stress,0.17548,0.41779,1.0,0.61397,1.0
SYS005,Community Resilience Hub Network,social infrastructure,17,background urban stress,0.17893,0.41792,1.0,0.61296,1.0
SYS005,Community Resilience Hub Network,social infrastructure,18,background urban stress,0.17908,0.41805,1.0,0.61194,1.0
SYS005,Community Resilience Hub Network,social infrastructure,19,background urban stress,0.17811,0.41817,1.0,0.6109,1.0
SYS005,Community Resilience Hub Network,social infrastructure,20,background urban stress,0.18017,0.41829,1.0,0.6099,1.0
SYS005,Community Resilience Hub Network,social infrastructure,21,background urban stress,0.1793,0.41841,1.0,0.60889,1.0
SYS005,Community Resilience Hub Network,social infrastructure,22,background urban stress,0.1827,0.41853,1.0,0.60794,1.0
SYS005,Community Resilience Hub Network,social infrastructure,23,background urban stress,0.17774,0.41865,1.0,0.60689,1.0
SYS005,Community Resilience Hub Network,social infrastructure,24,background urban stress,0.17688,0.41877,1.0,0.60582,1.0
SYS005,Community Resilience Hub Network,social infrastructure,25,background urban stress,0.17698,0.4189,1.0,0.60475,1.0
SYS005,Community Resilience Hub Network,social infrastructure,26,background urban stress,0.17944,0.41903,1.0,0.60373,1.0
SYS005,Community Resilience Hub Network,social infrastructure,27,Extreme rainfall and urban flooding,0.80617,0.41915,1.0,0.61524,0.86224
SYS005,Community Resilience Hub Network,social infrastructure,28,background urban stress,0.17873,0.41777,1.0,0.61422,1.0
SYS005,Community Resilience Hub Network,social infrastructure,29,background urban stress,0.18314,0.41789,1.0,0.61329,1.0
SYS005,Community Resilience Hub Network,social infrastructure,30,background urban stress,0.18105,0.41801,1.0,0.61231,1.0
SYS005,Community Resilience Hub Network,social infrastructure,31,background urban stress,0.18464,0.41812,1.0,0.6114,1.0
SYS005,Community Resilience Hub Network,social infrastructure,32,background urban stress,0.18379,0.41823,1.0,0.61048,1.0
SYS005,Community Resilience Hub Network,social infrastructure,33,background urban stress,0.18423,0.41834,1.0,0.60956,1.0
SYS005,Community Resilience Hub Network,social infrastructure,34,background urban stress,0.18648,0.41845,1.0,0.60869,1.0
SYS005,Community Resilience Hub Network,social infrastructure,35,background urban stress,0.18756,0.41856,1.0,0.60783,1.0
SYS005,Community Resilience Hub Network,social infrastructure,36,background urban stress,0.18655,0.41866,1.0,0.60696,1.0
SYS005,Community Resilience Hub Network,social infrastructure,37,background urban stress,0.18603,0.41876,1.0,0.60607,1.0
SYS005,Community Resilience Hub Network,social infrastructure,38,background urban stress,0.18425,0.41887,1.0,0.60515,1.0
SYS005,Community Resilience Hub Network,social infrastructure,39,background urban stress,0.18685,0.41898,1.0,0.60428,1.0
SYS005,Community Resilience Hub Network,social infrastructure,40,background urban stress,0.18589,0.41909,1.0,0.60339,1.0
SYS005,Community Resilience Hub Network,social infrastructure,41,background urban stress,0.1847,0.41919,1.0,0.60247,1.0
SYS005,Community Resilience Hub Network,social infrastructure,42,Power water and communications outage,0.82585,0.4193,1.0,0.61438,0.85104
SYS005,Community Resilience Hub Network,social infrastructure,43,background urban stress,0.18993,0.41787,1.0,0.61358,1.0
SYS005,Community Resilience Hub Network,social infrastructure,44,background urban stress,0.18866,0.41797,1.0,0.61275,1.0
SYS005,Community Resilience Hub Network,social infrastructure,45,background urban stress,0.19099,0.41807,1.0,0.61197,1.0
SYS005,Community Resilience Hub Network,social infrastructure,46,background urban stress,0.1913,0.41816,1.0,0.6112,1.0
SYS005,Community Resilience Hub Network,social infrastructure,47,background urban stress,0.188,0.41826,1.0,0.61036,1.0
SYS005,Community Resilience Hub Network,social infrastructure,48,background urban stress,0.18755,0.41836,1.0,0.60951,1.0
SYS005,Community Resilience Hub Network,social infrastructure,49,background urban stress,0.18854,0.41846,1.0,0.60868,1.0
SYS005,Community Resilience Hub Network,social infrastructure,50,background urban stress,0.18776,0.41856,1.0,0.60783,1.0
SYS005,Community Resilience Hub Network,social infrastructure,51,background urban stress,0.18896,0.41866,1.0,0.607,1.0
SYS005,Community Resilience Hub Network,social infrastructure,52,background urban stress,0.19158,0.41876,1.0,0.60623,1.0
SYS005,Community Resilience Hub Network,social infrastructure,53,background urban stress,0.18883,0.41885,1.0,0.6054,1.0
SYS005,Community Resilience Hub Network,social infrastructure,54,background urban stress,0.1913,0.41895,1.0,0.60461,1.0
SYS005,Community Resilience Hub Network,social infrastructure,55,background urban stress,0.1918,0.41905,1.0,0.60384,1.0
SYS005,Community Resilience Hub Network,social infrastructure,56,Housing displacement and adaptation pressure,0.71578,0.41914,1.0,0.61354,0.83984
SYS005,Community Resilience Hub Network,social infrastructure,57,background urban stress,0.19272,0.41797,1.0,0.6128,1.0
SYS005,Community Resilience Hub Network,social infrastructure,58,background urban stress,0.1938,0.41806,1.0,0.61208,1.0
SYS005,Community Resilience Hub Network,social infrastructure,59,background urban stress,0.19494,0.41815,1.0,0.61138,1.0
SYS005,Community Resilience Hub Network,social infrastructure,60,background urban stress,0.19711,0.41823,1.0,0.61072,1.0
SYS005,Community Resilience Hub Network,social infrastructure,61,background urban stress,0.19531,0.41831,1.0,0.61002,1.0
SYS005,Community Resilience Hub Network,social infrastructure,62,background urban stress,0.19423,0.4184,1.0,0.60931,1.0
SYS005,Community Resilience Hub Network,social infrastructure,63,background urban stress,0.19816,0.41848,1.0,0.60867,1.0
SYS005,Community Resilience Hub Network,social infrastructure,64,background urban stress,0.197,0.41856,1.0,0.608,1.0
SYS005,Community Resilience Hub Network,social infrastructure,65,background urban stress,0.1948,0.41864,1.0,0.60729,1.0
SYS005,Community Resilience Hub Network,social infrastructure,66,background urban stress,0.20027,0.41872,1.0,0.60669,1.0
SYS005,Community Resilience Hub Network,social infrastructure,67,background urban stress,0.19598,0.4188,1.0,0.60601,1.0
SYS005,Community Resilience Hub Network,social infrastructure,68,background urban stress,0.19826,0.41888,1.0,0.60536,1.0
SYS005,Community Resilience Hub Network,social infrastructure,69,background urban stress,0.19569,0.41896,1.0,0.60467,1.0
SYS005,Community Resilience Hub Network,social infrastructure,70,Compound heat flood transit and health disruption,0.91927,0.41904,0.99478,0.61844,0.82989
SYS005,Community Resilience Hub Network,social infrastructure,71,background urban stress,0.20106,0.41739,1.0,0.61787,1.0
SYS005,Community Resilience Hub Network,social infrastructure,72,background urban stress,0.19835,0.41746,1.0,0.61725,1.0
SYS005,Community Resilience Hub Network,social infrastructure,73,background urban stress,0.20228,0.41753,1.0,0.6167,1.0
SYS005,Community Resilience Hub Network,social infrastructure,74,background urban stress,0.20334,0.4176,1.0,0.61617,1.0
SYS005,Community Resilience Hub Network,social infrastructure,75,background urban stress,0.19954,0.41766,1.0,0.61557,1.0
SYS005,Community Resilience Hub Network,social infrastructure,76,background urban stress,0.20167,0.41773,1.0,0.61501,1.0
SYS005,Community Resilience Hub Network,social infrastructure,77,background urban stress,0.20243,0.4178,1.0,0.61446,1.0
SYS005,Community Resilience Hub Network,social infrastructure,78,background urban stress,0.20595,0.41786,1.0,0.61399,1.0
SYS005,Community Resilience Hub Network,social infrastructure,79,background urban stress,0.20014,0.41792,1.0,0.61339,1.0
SYS006,Coastal Mixed-Use Adaptation Zone,coastal and housing risk,0,background urban stress,0.19008,0.2828,0.92968,0.80069,0.96196
SYS006,Coastal Mixed-Use Adaptation Zone,coastal and housing risk,1,background urban stress,0.19218,0.28272,1.0,0.80142,1.0
SYS006,Coastal Mixed-Use Adaptation Zone,coastal and housing risk,2,background urban stress,0.18967,0.28263,1.0,0.80211,1.0
SYS006,Coastal Mixed-Use Adaptation Zone,coastal and housing risk,3,background urban stress,0.18822,0.28255,1.0,0.80277,1.0
SYS006,Coastal Mixed-Use Adaptation Zone,coastal and housing risk,4,background urban stress,0.19077,0.28247,1.0,0.80347,1.0
SYS006,Coastal Mixed-Use Adaptation Zone,coastal and housing risk,5,background urban stress,0.18995,0.28238,1.0,0.80417,1.0
SYS006,Coastal Mixed-Use Adaptation Zone,coastal and housing risk,6,background urban stress,0.1898,0.2823,1.0,0.80486,1.0
SYS006,Coastal Mixed-Use Adaptation Zone,coastal and housing risk,7,background urban stress,0.19143,0.28222,1.0,0.80558,1.0
SYS006,Coastal Mixed-Use Adaptation Zone,coastal and housing risk,8,background urban stress,0.19376,0.28213,1.0,0.80635,1.0
SYS006,Coastal Mixed-Use Adaptation Zone,coastal and housing risk,9,background urban stress,0.19433,0.28204,1.0,0.80714,1.0
SYS006,Coastal Mixed-Use Adaptation Zone,coastal and housing risk,10,background urban stress,0.19648,0.28194,1.0,0.80797,1.0
SYS006,Coastal Mixed-Use Adaptation Zone,coastal and housing risk,11,background urban stress,0.19755,0.28184,1.0,0.80882,1.0
SYS006,Coastal Mixed-Use Adaptation Zone,coastal and housing risk,12,Extreme heatwave with grid stress,0.85128,0.28174,0.95737,0.82274,0.81369
SYS006,Coastal Mixed-Use Adaptation Zone,coastal and housing risk,13,background urban stress,0.19578,0.28007,1.0,0.82358,1.0
SYS006,Coastal Mixed-Use Adaptation Zone,coastal and housing risk,14,background urban stress,0.20085,0.27997,1.0,0.82451,1.0
SYS006,Coastal Mixed-Use Adaptation Zone,coastal and housing risk,15,background urban stress,0.19685,0.27986,1.0,0.82537,1.0
SYS006,Coastal Mixed-Use Adaptation Zone,coastal and housing risk,16,background urban stress,0.20056,0.27976,1.0,0.82631,1.0
SYS006,Coastal Mixed-Use Adaptation Zone,coastal and housing risk,17,background urban stress,0.20207,0.27964,1.0,0.82727,1.0
SYS006,Coastal Mixed-Use Adaptation Zone,coastal and housing risk,18,background urban stress,0.20226,0.27953,1.0,0.82824,1.0
SYS006,Coastal Mixed-Use Adaptation Zone,coastal and housing risk,19,background urban stress,0.19917,0.27941,1.0,0.82915,1.0
SYS006,Coastal Mixed-Use Adaptation Zone,coastal and housing risk,20,background urban stress,0.20102,0.2793,1.0,0.8301,1.0
SYS006,Coastal Mixed-Use Adaptation Zone,coastal and housing risk,21,background urban stress,0.20238,0.27919,1.0,0.83108,1.0
SYS006,Coastal Mixed-Use Adaptation Zone,coastal and housing risk,22,background urban stress,0.20154,0.27907,1.0,0.83204,1.0
SYS006,Coastal Mixed-Use Adaptation Zone,coastal and housing risk,23,background urban stress,0.20499,0.27896,1.0,0.83307,1.0
SYS006,Coastal Mixed-Use Adaptation Zone,coastal and housing risk,24,background urban stress,0.20504,0.27883,1.0,0.8341,1.0
SYS006,Coastal Mixed-Use Adaptation Zone,coastal and housing risk,25,background urban stress,0.20058,0.27871,1.0,0.83505,1.0
SYS006,Coastal Mixed-Use Adaptation Zone,coastal and housing risk,26,background urban stress,0.2014,0.27859,1.0,0.83601,1.0
SYS006,Coastal Mixed-Use Adaptation Zone,coastal and housing risk,27,Extreme rainfall and urban flooding,0.8294,0.27848,0.96216,0.84954,0.83392
SYS006,Coastal Mixed-Use Adaptation Zone,coastal and housing risk,28,background urban stress,0.20236,0.27686,1.0,0.85054,1.0
SYS006,Coastal Mixed-Use Adaptation Zone,coastal and housing risk,29,background urban stress,0.20695,0.27674,1.0,0.85163,1.0
SYS006,Coastal Mixed-Use Adaptation Zone,coastal and housing risk,30,background urban stress,0.21004,0.2766,1.0,0.85279,1.0
SYS006,Coastal Mixed-Use Adaptation Zone,coastal and housing risk,31,background urban stress,0.20591,0.27646,1.0,0.85387,1.0
SYS006,Coastal Mixed-Use Adaptation Zone,coastal and housing risk,32,background urban stress,0.20464,0.27634,1.0,0.85492,1.0
SYS006,Coastal Mixed-Use Adaptation Zone,coastal and housing risk,33,background urban stress,0.20945,0.27621,1.0,0.85607,1.0
SYS006,Coastal Mixed-Use Adaptation Zone,coastal and housing risk,34,background urban stress,0.20971,0.27607,1.0,0.85723,1.0
SYS006,Coastal Mixed-Use Adaptation Zone,coastal and housing risk,35,background urban stress,0.21091,0.27593,1.0,0.85841,1.0
SYS006,Coastal Mixed-Use Adaptation Zone,coastal and housing risk,36,background urban stress,0.20918,0.27579,1.0,0.85956,1.0
SYS006,Coastal Mixed-Use Adaptation Zone,coastal and housing risk,37,background urban stress,0.21057,0.27565,1.0,0.86074,1.0
SYS006,Coastal Mixed-Use Adaptation Zone,coastal and housing risk,38,background urban stress,0.21252,0.27551,1.0,0.86196,1.0
SYS006,Coastal Mixed-Use Adaptation Zone,coastal and housing risk,39,background urban stress,0.21162,0.27536,1.0,0.86317,1.0
SYS006,Coastal Mixed-Use Adaptation Zone,coastal and housing risk,40,background urban stress,0.21017,0.27522,1.0,0.86434,1.0
SYS006,Coastal Mixed-Use Adaptation Zone,coastal and housing risk,41,background urban stress,0.21546,0.27508,1.0,0.86562,1.0
SYS006,Coastal Mixed-Use Adaptation Zone,coastal and housing risk,42,Power water and communications outage,0.85216,0.27493,0.95246,0.87964,0.81485
SYS006,Coastal Mixed-Use Adaptation Zone,coastal and housing risk,43,background urban stress,0.21377,0.27324,1.0,0.88091,1.0
SYS006,Coastal Mixed-Use Adaptation Zone,coastal and housing risk,44,background urban stress,0.21678,0.27309,1.0,0.88225,1.0
SYS006,Coastal Mixed-Use Adaptation Zone,coastal and housing risk,45,background urban stress,0.21323,0.27293,1.0,0.88351,1.0
SYS006,Coastal Mixed-Use Adaptation Zone,coastal and housing risk,46,background urban stress,0.21761,0.27278,1.0,0.88486,1.0
SYS006,Coastal Mixed-Use Adaptation Zone,coastal and housing risk,47,background urban stress,0.2148,0.27262,1.0,0.88616,1.0
SYS006,Coastal Mixed-Use Adaptation Zone,coastal and housing risk,48,background urban stress,0.22041,0.27246,1.0,0.88757,1.0
SYS006,Coastal Mixed-Use Adaptation Zone,coastal and housing risk,49,background urban stress,0.21724,0.27229,1.0,0.88892,1.0
SYS006,Coastal Mixed-Use Adaptation Zone,coastal and housing risk,50,background urban stress,0.21892,0.27213,1.0,0.8903,1.0
SYS006,Coastal Mixed-Use Adaptation Zone,coastal and housing risk,51,background urban stress,0.21997,0.27196,1.0,0.89171,1.0
SYS006,Coastal Mixed-Use Adaptation Zone,coastal and housing risk,52,background urban stress,0.22178,0.27179,1.0,0.89316,1.0
SYS006,Coastal Mixed-Use Adaptation Zone,coastal and housing risk,53,background urban stress,0.21873,0.27162,1.0,0.89454,1.0
SYS006,Coastal Mixed-Use Adaptation Zone,coastal and housing risk,54,background urban stress,0.22009,0.27145,1.0,0.89596,1.0
SYS006,Coastal Mixed-Use Adaptation Zone,coastal and housing risk,55,background urban stress,0.22324,0.27129,1.0,0.89744,1.0
SYS006,Coastal Mixed-Use Adaptation Zone,coastal and housing risk,56,Housing displacement and adaptation pressure,0.74514,0.27111,0.98411,0.90936,0.8309
SYS006,Coastal Mixed-Use Adaptation Zone,coastal and housing risk,57,background urban stress,0.22245,0.26968,1.0,0.91084,1.0
SYS006,Coastal Mixed-Use Adaptation Zone,coastal and housing risk,58,background urban stress,0.22739,0.2695,1.0,0.91243,1.0
SYS006,Coastal Mixed-Use Adaptation Zone,coastal and housing risk,59,background urban stress,0.22682,0.26931,1.0,0.914,1.0
SYS006,Coastal Mixed-Use Adaptation Zone,coastal and housing risk,60,background urban stress,0.22438,0.26912,1.0,0.91553,1.0
SYS006,Coastal Mixed-Use Adaptation Zone,coastal and housing risk,61,background urban stress,0.22512,0.26894,1.0,0.91707,1.0
SYS006,Coastal Mixed-Use Adaptation Zone,coastal and housing risk,62,background urban stress,0.227,0.26875,1.0,0.91865,1.0
SYS006,Coastal Mixed-Use Adaptation Zone,coastal and housing risk,63,background urban stress,0.2252,0.26856,1.0,0.9202,1.0
SYS006,Coastal Mixed-Use Adaptation Zone,coastal and housing risk,64,background urban stress,0.2251,0.26838,1.0,0.92175,1.0
SYS006,Coastal Mixed-Use Adaptation Zone,coastal and housing risk,65,background urban stress,0.23099,0.26819,1.0,0.92342,1.0
SYS006,Coastal Mixed-Use Adaptation Zone,coastal and housing risk,66,background urban stress,0.2296,0.26799,1.0,0.92507,1.0
SYS006,Coastal Mixed-Use Adaptation Zone,coastal and housing risk,67,background urban stress,0.23082,0.26779,1.0,0.92674,1.0
SYS006,Coastal Mixed-Use Adaptation Zone,coastal and housing risk,68,background urban stress,0.23102,0.26759,1.0,0.92842,1.0
SYS006,Coastal Mixed-Use Adaptation Zone,coastal and housing risk,69,background urban stress,0.23114,0.26739,1.0,0.9301,1.0
SYS006,Coastal Mixed-Use Adaptation Zone,coastal and housing risk,70,Compound heat flood transit and health disruption,0.95181,0.26719,0.91531,0.94619,0.76769
SYS006,Coastal Mixed-Use Adaptation Zone,coastal and housing risk,71,background urban stress,0.23495,0.26526,1.0,0.94798,1.0
SYS006,Coastal Mixed-Use Adaptation Zone,coastal and housing risk,72,background urban stress,0.23387,0.26504,1.0,0.94974,1.0
SYS006,Coastal Mixed-Use Adaptation Zone,coastal and housing risk,73,background urban stress,0.23296,0.26483,1.0,0.95148,1.0
SYS006,Coastal Mixed-Use Adaptation Zone,coastal and housing risk,74,background urban stress,0.23623,0.26462,1.0,0.9533,1.0
SYS006,Coastal Mixed-Use Adaptation Zone,coastal and housing risk,75,background urban stress,0.23455,0.2644,1.0,0.95508,1.0
SYS006,Coastal Mixed-Use Adaptation Zone,coastal and housing risk,76,background urban stress,0.23539,0.26419,1.0,0.95688,1.0
SYS006,Coastal Mixed-Use Adaptation Zone,coastal and housing risk,77,background urban stress,0.23378,0.26397,1.0,0.95865,1.0
SYS006,Coastal Mixed-Use Adaptation Zone,coastal and housing risk,78,background urban stress,0.24023,0.26376,1.0,0.96056,1.0
SYS006,Coastal Mixed-Use Adaptation Zone,coastal and housing risk,79,background urban stress,0.23805,0.26353,1.0,0.96242,1.0
